insert into aves.company (company_name) values ('Boyer Inc');
insert into aves.company (company_name) values ('Grant-Batz');
insert into aves.company (company_name) values ('Block, Rolfson and Kemmer');
insert into aves.company (company_name) values ('Cormier Inc');
insert into aves.company (company_name) values ('Kemmer-Trantow');
insert into aves.company (company_name) values ('Heathcote and Sons');
insert into aves.company (company_name) values ('Towne, Marvin and Windler');
insert into aves.company (company_name) values ('MacGyver Group');
insert into aves.company (company_name) values ('Gaylord, Runolfsdottir and Kemmer');
insert into aves.company (company_name) values ('Beahan-Barton');

insert into aves.status_lookup (status, description, created_at, updated_at) values ('ACTIVE', 'Indicates an active user in the system.', current_timestamp, current_timestamp);
insert into aves.status_lookup (status, description, created_at, updated_at) values ('INACTIVE', 'Indicates an inactive user in the system.', current_timestamp, current_timestamp);
insert into aves.status_lookup (status, description, created_at, updated_at) values ('PENDING', 'Indicates a user who is waitinng for activation.', current_timestamp, current_timestamp);

insert into aves.role (description, name, created_at, updated_at) values ('Standard User - Has no admin rights', 'ROLE_USER', current_timestamp, current_timestamp);
insert into aves.role (description, name, created_at, updated_at) values ('Admin User - Has permission to perform admin tasks', 'ROLE_ADMIN', current_timestamp, current_timestamp);

insert into aves.team (id, name, parent_team) values (1, 'Diospyros ebenum J. Koenig ex Retz.', null);
insert into aves.team (id, name, parent_team) values (2, 'Platanthera psycodes (L.) Lindl.', 1);
insert into aves.team (id, name, parent_team) values (3, 'Eriogonum hieraciifolium Benth.', 1);
insert into aves.team (id, name, parent_team) values (4, 'Arisaema triphyllum (L.) Schott', 1);
insert into aves.team (id, name, parent_team) values (5, 'Vaccinium angustifolium Aiton', null);
insert into aves.team (id, name, parent_team) values (6, 'Maranta gibba Sm.', 5);
insert into aves.team (id, name, parent_team) values (7, 'Erica cinerea L.', 5);
insert into aves.team (id, name, parent_team) values (8, 'Nephroma isidiosum (Nyl.) Gyel.', null);
insert into aves.team (id, name, parent_team) values (9, 'Lythrum tribracteatum Salzm. ex Spreng.', 8);
insert into aves.team (id, name, parent_team) values (10, 'Chaenactis carphoclinia A. Gray', 8);


insert into aves.user (id, first_name, last_name, email, phone, company, location, position) values ('0003fd6a-1cac-4a00-a4e5-8ac6997da302','Corena', 'Soonhouse', 'csoonhouse0@vinaora.com', '341-489-6806', 2, 30, 'Quality Engineer');
insert into aves.user (id, first_name, last_name, email, phone, company, location, position) values ('b4f3ac6a-5531-42ef-a4b7-e648ef02788b', 'Theodora', 'Roscher', 'troscher1@usa.gov', '256-956-3036', 3, 64, 'Sales Representative');
insert into aves.user (id, first_name, last_name, email, phone, company, location, position) values ('2b726fc3-8d3f-41eb-bb11-2eeb384b36c9','Ely', 'Ellum', 'eellum2@indiegogo.com', '605-863-3371', 4, 83, 'Senior Quality Engineer');
insert into aves.user (id, first_name, last_name, email, phone, company, location, position) values ('41196387-0ab2-4c29-90b4-a5111525826d', 'Buddy', 'Solly', 'bsolly3@dailymotion.com', '662-669-0332', 1, 85, 'Junior Executive');
insert into aves.user (id, first_name, last_name, email, phone, company, location, position) values ('7b2e2138-459d-469c-ad85-35d4a292244f', 'Thor', 'Tummasutti', 'ttummasutti4@cnet.com', '625-623-4316', 7, 38, 'Recruiter');
insert into aves.user (id, first_name, last_name, email, phone, company, location, position) values ('ee965630-16eb-4cfd-bb60-ab1bff3c4744', 'Nealson', 'Hymus', 'nhymus5@cdbaby.com', '948-565-8605', 10, 25, 'Operator');
insert into aves.user (id, first_name, last_name, email, phone, company, location, position) values ('6f5a5ad3-4353-4469-97f7-32d27668b0c7', 'Zea', 'Klosser', 'zklosser6@toplist.cz', '379-840-5012', 9, 34, 'Chief Design Engineer');
insert into aves.user (id, first_name, last_name, email, phone, company, location, position) values ('6de53471-6947-4024-942f-fe1c7abd6d7e', 'Samson', 'Jentges', 'sjentges7@g.co', '802-230-1754', 5, 27, 'Internal Auditor');
insert into aves.user (id, first_name, last_name, email, phone, company, location, position) values ('248e550c-a896-4736-9a99-e031896d93ac', 'Corbett', 'Godbald', 'cgodbald8@woothemes.com', '776-841-9634', 6, 4, 'Legal Assistant');
insert into aves.user (id, first_name, last_name, email, phone, company, location, position) values ('4fbbc4db-4c7e-484f-8f82-b03184ffa975', 'Vale', 'Gooderson', 'vgooderson9@jalbum.net', '921-456-4899', 8, 74, 'Structural Engineer');

insert into aves.team_membership values (default, 2, '0003fd6a-1cac-4a00-a4e5-8ac6997da302', default);
insert into aves.team_membership values (default, 3, 'b4f3ac6a-5531-42ef-a4b7-e648ef02788b', default);
insert into aves.team_membership values (default, 4, '2b726fc3-8d3f-41eb-bb11-2eeb384b36c9', default);
insert into aves.team_membership values (default, 6, '41196387-0ab2-4c29-90b4-a5111525826d', default);
insert into aves.team_membership values (default, 7, '7b2e2138-459d-469c-ad85-35d4a292244f', default);
insert into aves.team_membership values (default, 9, 'ee965630-16eb-4cfd-bb60-ab1bff3c4744', default);
insert into aves.team_membership values (default, 10, '6f5a5ad3-4353-4469-97f7-32d27668b0c7', default);
insert into aves.team_membership values (default, 2, '6de53471-6947-4024-942f-fe1c7abd6d7e', default);
insert into aves.team_membership values (default, 3, '248e550c-a896-4736-9a99-e031896d93ac', default);
insert into aves.team_membership values (default, 4, '4fbbc4db-4c7e-484f-8f82-b03184ffa975', default);
insert into aves.team_membership values (default, 2, '4fbbc4db-4c7e-484f-8f82-b03184ffa975', default);
insert into aves.team_membership values (default, 10, '4fbbc4db-4c7e-484f-8f82-b03184ffa975', default);


insert into aves.user (id, first_name, last_name, email, phone, company, location, position) values ('b1d197bc-1d2a-4abd-9f76-f74a96d2f0d1', 'Francklyn', 'Aslam', 'faslam0@comsenz.com', '163-484-8079', 7, 7, 'Software Developer');
insert into aves.user (id, first_name, last_name, email, phone, company, location, position) values ('27e4f273-f610-4ecb-a638-63442d9458ac', 'Burke', 'Lilburne', 'blilburne1@foxnews.com', '440-834-4871', 3, 3, 'Software Developer');
insert into aves.user (id, first_name, last_name, email, phone, company, location, position) values ('7c9a8b3a-2eb2-4bde-8a3a-b1cd37938188', 'Lizette', 'Point', 'lpoint2@scribd.com', '792-865-7565', 6, 6, 'Software Developer');
insert into aves.user (id, first_name, last_name, email, phone, company, location, position) values ('ce9b0b34-a119-48be-a6b9-4e4c6d1b8c29', 'Doy', 'Ruit', 'druit3@1und1.de', '204-382-3337', 5, 5, 'Software Developer');
insert into aves.user (id, first_name, last_name, email, phone, company, location, position) values ('903c45a7-8882-44e3-bd04-c41efd9390ec', 'Arnold', 'Latour', 'alatour4@weibo.com', '863-465-0729', 10, 10, 'Software Developer');
insert into aves.user (id, first_name, last_name, email, phone, company, location, position) values ('2536f67a-a501-4365-8145-7dc61e9c5d6c', 'Ephraim', 'Rockcliff', 'erockcliff5@merriam-webster.com', '321-295-2572', 9, 9, 'Software Developer');
insert into aves.user (id, first_name, last_name, email, phone, company, location, position) values ('fae81e6c-d76d-4cbd-8f81-3a600fead3a3', 'Oona', 'Berzen', 'oberzen6@t-online.de', '700-307-4730', 1, 1, 'Software Developer');
insert into aves.user (id, first_name, last_name, email, phone, company, location, position) values ('f1195303-4ee5-4480-8166-a6a147343fc4', 'Holt', 'Pothecary', 'hpothecary7@netscape.com', '928-883-5330', 6, 6, 'Software Developer');
insert into aves.user (id, first_name, last_name, email, phone, company, location, position) values ('9718adfa-4aa5-4c85-afd6-d8bb09e94f8b', 'Hailee', 'O''Dowgaine', 'hodowgaine8@telegraph.co.uk', '893-312-2314', 4, 4, 'Software Developer');
insert into aves.user (id, first_name, last_name, email, phone, company, location, position) values ('67df578a-d37c-49e0-92e8-25dc64ac74e5', 'Phyllida', 'Spridgen', 'pspridgen9@java.com', '999-619-4959', 6, 6, 'Software Developer');
insert into aves.user (id, first_name, last_name, email, phone, company, location, position) values ('ab829ad5-1062-4406-986e-36bfd7521aec', 'Nanci', 'Leander', 'nleandera@china.com.cn', '226-288-9848', 7, 7, 'Software Developer');
insert into aves.user (id, first_name, last_name, email, phone, company, location, position) values ('c831ece3-eda8-47a7-abd6-bfa1f1f9c2f2', 'Wynn', 'Costigan', 'wcostiganb@paypal.com', '655-138-1232', 3, 3, 'Software Developer');
insert into aves.user (id, first_name, last_name, email, phone, company, location, position) values ('19def74e-c603-4994-8cb0-fc88db944efe', 'Chevalier', 'Amberson', 'cambersonc@hugedomains.com', '782-106-4058', 5, 5, 'Software Developer');
insert into aves.user (id, first_name, last_name, email, phone, company, location, position) values ('39e9d4a1-581f-4b63-80a9-45ade51250d0', 'Hilda', 'Inchan', 'hinchand@washington.edu', '844-201-0151', 5, 5, 'Software Developer');
insert into aves.user (id, first_name, last_name, email, phone, company, location, position) values ('e59b42c1-37cc-461c-bf3d-459f2bfdcf14', 'Ninette', 'Coetzee', 'ncoetzeee@reuters.com', '260-183-1500', 10, 10, 'Software Developer');
insert into aves.user (id, first_name, last_name, email, phone, company, location, position) values ('0f0e1a00-1d19-4e44-87fe-84da95fb59ea', 'Lance', 'Lissett', 'llissettf@gmpg.org', '415-184-8202', 3, 3, 'Software Developer');
insert into aves.user (id, first_name, last_name, email, phone, company, location, position) values ('98297614-4468-4874-8f70-6dcfbfbc98d6', 'Danyelle', 'Metts', 'dmettsg@hostgator.com', '713-830-4958', 3, 3, 'Software Developer');
insert into aves.user (id, first_name, last_name, email, phone, company, location, position) values ('b387e2d8-41df-4354-b84f-bce64288f638', 'Bethina', 'Cadore', 'bcadoreh@xing.com', '273-754-8347', 7, 7, 'Software Developer');
insert into aves.user (id, first_name, last_name, email, phone, company, location, position) values ('f1a92f7a-2176-4985-b774-051866707d13', 'Erinn', 'Burniston', 'eburnistoni@irs.gov', '212-829-5276', 6, 6, 'Software Developer');
insert into aves.user (id, first_name, last_name, email, phone, company, location, position) values ('0f9f8c2d-8587-4756-975c-bd9dce558742', 'Robinet', 'Beardwood', 'rbeardwoodj@ft.com', '732-790-4133', 9, 9, 'Software Developer');
insert into aves.user (id, first_name, last_name, email, phone, company, location, position) values ('ede85a9c-d7cc-4072-a57b-bbe740a2afa0', 'Leann', 'Vanner', 'lvannerk@php.net', '160-380-7775', 6, 6, 'Software Developer');
insert into aves.user (id, first_name, last_name, email, phone, company, location, position) values ('bae53774-05ba-4c25-909d-aa5b10daf278', 'Ewell', 'Lubomirski', 'elubomirskil@webs.com', '467-459-4771', 10, 10, 'Software Developer');
insert into aves.user (id, first_name, last_name, email, phone, company, location, position) values ('1d59c7d9-6257-4b2a-aeee-64e76039c199', 'Nikkie', 'Cocke', 'ncockem@miitbeian.gov.cn', '235-191-4082', 2, 2, 'Software Developer');
insert into aves.user (id, first_name, last_name, email, phone, company, location, position) values ('90dafb6f-5990-4561-aee8-ebda19d77b37', 'Harmon', 'Algeo', 'halgeon@sfgate.com', '687-244-4661', 4, 4, 'Software Developer');
insert into aves.user (id, first_name, last_name, email, phone, company, location, position) values ('4cd42df7-0c10-4221-8fd4-e2353c03c04d', 'Redford', 'Melmoth', 'rmelmotho@reverbnation.com', '397-627-7103', 5, 5, 'Software Developer');
insert into aves.user (id, first_name, last_name, email, phone, company, location, position) values ('05bf77a5-aa9e-4ef7-bb5a-894b8810a104', 'Kerry', 'Stiling', 'kstilingp@fastcompany.com', '898-969-7724', 6, 6, 'Software Developer');
insert into aves.user (id, first_name, last_name, email, phone, company, location, position) values ('3914ae48-af13-4a42-9abb-e96653880dcb', 'Matilde', 'Seaborne', 'mseaborneq@bing.com', '858-327-4448', 7, 7, 'Software Developer');
insert into aves.user (id, first_name, last_name, email, phone, company, location, position) values ('806d5482-7611-4714-b86f-ffcd81024a64', 'Binni', 'Claasen', 'bclaasenr@va.gov', '718-611-4832', 7, 7, 'Software Developer');
insert into aves.user (id, first_name, last_name, email, phone, company, location, position) values ('7dd8e168-d369-455e-9f71-299199dbdb31', 'Sherlock', 'Marking', 'smarkings@soundcloud.com', '558-892-2292', 5, 5, 'Software Developer');
insert into aves.user (id, first_name, last_name, email, phone, company, location, position) values ('f1791838-39f1-4466-a4c9-4c5585d4873c', 'Elwira', 'Saph', 'esapht@bloglovin.com', '794-646-8961', 4, 4, 'Software Developer');
insert into aves.user (id, first_name, last_name, email, phone, company, location, position) values ('dd5c7c0c-a390-4dcb-adc5-03c964651003', 'Morty', 'Banck', 'mbancku@google.de', '536-237-9579', 2, 2, 'Software Developer');
insert into aves.user (id, first_name, last_name, email, phone, company, location, position) values ('af9772f7-9a95-4e2e-af44-37ee179edde1', 'Rollins', 'Pudsey', 'rpudseyv@nifty.com', '171-331-7157', 6, 6, 'Software Developer');
insert into aves.user (id, first_name, last_name, email, phone, company, location, position) values ('62dcda19-b74c-4e0c-ab65-db8aed12e46f', 'Ashli', 'Haughan', 'ahaughanw@trellian.com', '360-298-3491', 7, 7, 'Software Developer');
insert into aves.user (id, first_name, last_name, email, phone, company, location, position) values ('df2ca833-a39b-49ce-b7ec-fc0fd5209727', 'Hali', 'O''Shea', 'hosheax@free.fr', '332-844-5968', 4, 4, 'Software Developer');
insert into aves.user (id, first_name, last_name, email, phone, company, location, position) values ('e2b8f32d-a95b-4a75-a101-6d67b52a4a6b', 'Brunhilda', 'Tourmell', 'btourmelly@friendfeed.com', '875-568-1265', 3, 3, 'Software Developer');
insert into aves.user (id, first_name, last_name, email, phone, company, location, position) values ('d11c85f3-bc3f-40bc-bf3a-b1a7799e6dc6', 'Atlante', 'Klarzynski', 'aklarzynskiz@army.mil', '335-185-3025', 5, 5, 'Software Developer');
insert into aves.user (id, first_name, last_name, email, phone, company, location, position) values ('cdff991c-8a77-4787-a0f8-dc0edcf29420', 'Kalinda', 'Nel', 'knel10@google.de', '696-964-0617', 2, 2, 'Software Developer');
insert into aves.user (id, first_name, last_name, email, phone, company, location, position) values ('681a8e33-dd57-4da6-a281-d31667de4a84', 'Franni', 'Whittuck', 'fwhittuck11@oracle.com', '695-490-5965', 1, 1, 'Software Developer');
insert into aves.user (id, first_name, last_name, email, phone, company, location, position) values ('a4b3bed5-67fb-4a97-91a6-8f8b1c5902b6', 'Arley', 'Swarbrick', 'aswarbrick12@tamu.edu', '675-238-2608', 3, 3, 'Software Developer');
insert into aves.user (id, first_name, last_name, email, phone, company, location, position) values ('67c1c0ee-e8c9-48d8-8696-a2e8be11b0e4', 'Gothart', 'Daborne', 'gdaborne13@51.la', '472-131-9269', 10, 10, 'Software Developer');
insert into aves.user (id, first_name, last_name, email, phone, company, location, position) values ('ad283d3b-6a03-40e3-9a11-a068aace1d9b', 'Licha', 'Gilgryst', 'lgilgryst14@example.com', '221-102-2236', 7, 7, 'Software Developer');
insert into aves.user (id, first_name, last_name, email, phone, company, location, position) values ('7c145c11-e384-452f-880e-bbfcc3364a1b', 'Halli', 'Tuley', 'htuley15@photobucket.com', '507-886-0401', 4, 4, 'Software Developer');
insert into aves.user (id, first_name, last_name, email, phone, company, location, position) values ('217da93a-e5b7-4766-b715-f71fcea98f16', 'Viviana', 'Shilling', 'vshilling16@biglobe.ne.jp', '627-717-6539', 5, 5, 'Software Developer');
insert into aves.user (id, first_name, last_name, email, phone, company, location, position) values ('479924c0-2ee8-4596-b170-efb702526bd2', 'Hollie', 'Whatham', 'hwhatham17@google.com.hk', '217-655-1829', 9, 9, 'Software Developer');
insert into aves.user (id, first_name, last_name, email, phone, company, location, position) values ('19eb6804-cb1d-4c3e-9f44-74465113fd71', 'Wain', 'Crooke', 'wcrooke18@theglobeandmail.com', '790-221-8951', 2, 2, 'Software Developer');
insert into aves.user (id, first_name, last_name, email, phone, company, location, position) values ('d80593ff-20bc-43e1-bf8c-cfa0ffda4e2c', 'Hiram', 'Bagnell', 'hbagnell19@barnesandnoble.com', '738-305-5300', 9, 9, 'Software Developer');
insert into aves.user (id, first_name, last_name, email, phone, company, location, position) values ('7449f3ae-85ef-4835-8ddc-6ec80f620de3', 'Didi', 'Megany', 'dmegany1a@ehow.com', '238-569-7131', 2, 2, 'Software Developer');
insert into aves.user (id, first_name, last_name, email, phone, company, location, position) values ('8a8904e6-3375-4acd-9b21-171bd21f9ea5', 'Elisha', 'McKerron', 'emckerron1b@weather.com', '982-571-5165', 1, 1, 'Software Developer');
insert into aves.user (id, first_name, last_name, email, phone, company, location, position) values ('4cc3dffb-4abd-4ac3-b7d6-5fd484e60333', 'Aggy', 'Rees', 'arees1c@nasa.gov', '387-150-3145', 9, 9, 'Software Developer');
insert into aves.user (id, first_name, last_name, email, phone, company, location, position) values ('5cf19e3b-b6df-436b-bbf7-5671487d78b7', 'Tate', 'Peat', 'tpeat1d@pen.io', '127-421-0269', 1, 1, 'Software Developer');


insert into aves.team_membership values (default, 2, 'b1d197bc-1d2a-4abd-9f76-f74a96d2f0d1', default);
insert into aves.team_membership values (default, 2, 'ab829ad5-1062-4406-986e-36bfd7521aec', default);
insert into aves.team_membership values (default, 2, 'ede85a9c-d7cc-4072-a57b-bbe740a2afa0', default);
insert into aves.team_membership values (default, 2, 'dd5c7c0c-a390-4dcb-adc5-03c964651003', default);
insert into aves.team_membership values (default, 2, 'ad283d3b-6a03-40e3-9a11-a068aace1d9b', default);
insert into aves.team_membership values (default, 2, '27e4f273-f610-4ecb-a638-63442d9458ac', default);
insert into aves.team_membership values (default, 2, 'c831ece3-eda8-47a7-abd6-bfa1f1f9c2f2', default);
insert into aves.team_membership values (default, 2, 'bae53774-05ba-4c25-909d-aa5b10daf278', default);
insert into aves.team_membership values (default, 2, 'af9772f7-9a95-4e2e-af44-37ee179edde1', default);
insert into aves.team_membership values (default, 2, '7c145c11-e384-452f-880e-bbfcc3364a1b', default);
insert into aves.team_membership values (default, 3, '7c9a8b3a-2eb2-4bde-8a3a-b1cd37938188', default);
insert into aves.team_membership values (default, 3, '19def74e-c603-4994-8cb0-fc88db944efe', default);
insert into aves.team_membership values (default, 3, '1d59c7d9-6257-4b2a-aeee-64e76039c199', default);
insert into aves.team_membership values (default, 3, '62dcda19-b74c-4e0c-ab65-db8aed12e46f', default);
insert into aves.team_membership values (default, 3, '217da93a-e5b7-4766-b715-f71fcea98f16', default);
insert into aves.team_membership values (default, 4, 'ce9b0b34-a119-48be-a6b9-4e4c6d1b8c29', default);
insert into aves.team_membership values (default, 4, '39e9d4a1-581f-4b63-80a9-45ade51250d0', default);
insert into aves.team_membership values (default, 4, '90dafb6f-5990-4561-aee8-ebda19d77b37', default);
insert into aves.team_membership values (default, 4, 'df2ca833-a39b-49ce-b7ec-fc0fd5209727', default);
insert into aves.team_membership values (default, 4, '479924c0-2ee8-4596-b170-efb702526bd2', default);
insert into aves.team_membership values (default, 6, '903c45a7-8882-44e3-bd04-c41efd9390ec', default);
insert into aves.team_membership values (default, 6, 'e59b42c1-37cc-461c-bf3d-459f2bfdcf14', default);
insert into aves.team_membership values (default, 6, '4cd42df7-0c10-4221-8fd4-e2353c03c04d', default);
insert into aves.team_membership values (default, 6, 'e2b8f32d-a95b-4a75-a101-6d67b52a4a6b', default);
insert into aves.team_membership values (default, 6, '19eb6804-cb1d-4c3e-9f44-74465113fd71', default);
insert into aves.team_membership values (default, 6, '2536f67a-a501-4365-8145-7dc61e9c5d6c', default);
insert into aves.team_membership values (default, 6, '0f0e1a00-1d19-4e44-87fe-84da95fb59ea', default);
insert into aves.team_membership values (default, 6, '05bf77a5-aa9e-4ef7-bb5a-894b8810a104', default);
insert into aves.team_membership values (default, 6, 'd11c85f3-bc3f-40bc-bf3a-b1a7799e6dc6', default);
insert into aves.team_membership values (default, 6, 'd80593ff-20bc-43e1-bf8c-cfa0ffda4e2c', default);
insert into aves.team_membership values (default, 7, 'fae81e6c-d76d-4cbd-8f81-3a600fead3a3', default);
insert into aves.team_membership values (default, 7, '98297614-4468-4874-8f70-6dcfbfbc98d6', default);
insert into aves.team_membership values (default, 7, '3914ae48-af13-4a42-9abb-e96653880dcb', default);
insert into aves.team_membership values (default, 7, 'cdff991c-8a77-4787-a0f8-dc0edcf29420', default);
insert into aves.team_membership values (default, 7, '7449f3ae-85ef-4835-8ddc-6ec80f620de3', default);
insert into aves.team_membership values (default, 9, 'f1195303-4ee5-4480-8166-a6a147343fc4', default);
insert into aves.team_membership values (default, 9, 'b387e2d8-41df-4354-b84f-bce64288f638', default);
insert into aves.team_membership values (default, 9, '806d5482-7611-4714-b86f-ffcd81024a64', default);
insert into aves.team_membership values (default, 9, '681a8e33-dd57-4da6-a281-d31667de4a84', default);
insert into aves.team_membership values (default, 9, '8a8904e6-3375-4acd-9b21-171bd21f9ea5', default);
insert into aves.team_membership values (default, 9, '9718adfa-4aa5-4c85-afd6-d8bb09e94f8b', default);
insert into aves.team_membership values (default, 9, 'f1a92f7a-2176-4985-b774-051866707d13', default);
insert into aves.team_membership values (default, 9, '7dd8e168-d369-455e-9f71-299199dbdb31', default);
insert into aves.team_membership values (default, 9, 'a4b3bed5-67fb-4a97-91a6-8f8b1c5902b6', default);
insert into aves.team_membership values (default, 9, '4cc3dffb-4abd-4ac3-b7d6-5fd484e60333', default);
insert into aves.team_membership values (default, 10, '67df578a-d37c-49e0-92e8-25dc64ac74e5', default);
insert into aves.team_membership values (default, 10, '0f9f8c2d-8587-4756-975c-bd9dce558742', default);
insert into aves.team_membership values (default, 10, 'f1791838-39f1-4466-a4c9-4c5585d4873c', default);
insert into aves.team_membership values (default, 10, '67c1c0ee-e8c9-48d8-8696-a2e8be11b0e4', default);
insert into aves.team_membership values (default, 10, '5cf19e3b-b6df-436b-bbf7-5671487d78b7', default);



INSERT INTO STATUS_LOOKUP(id, status, description, created_at, updated_at) VALUES(1, 'ACTIVE', 'Indicates an active user in the system.', now(), now());
INSERT INTO STATUS_LOOKUP(id, status, description, created_at, updated_at) VALUES(2, 'INACTIVE', 'Indicates an inactive user in the system.', now(), now());
INSERT INTO STATUS_LOOKUP(id, status, description, created_at, updated_at) VALUES(3, 'PENDING', 'Indicates a user who is waitinng for activation.', now(), now());